 , , , , , , , , , , , , 
"
Exercise Prices",  ,"OptionsOutstanding atDecember 31,2014","OptionsOutstanding atDecember 31,2014", ,  ,Weighted-AverageRemainingContractual Life(Years),Weighted-AverageRemainingContractual Life(Years), ,  ,Weighted-AverageExercise Price,Weighted-AverageExercise Price, 
"
$2.44 to $4.85",  , ,"154,300",  ,  , ,6.0,  ,  ,$,4.02,  
"
$7.33 to $10.00",  , ,0,  ,  , ,—  ,  ,  ,$,—  ,  
"
$10.57 to $17.67",  , ,0,  ,  , ,—  ,  ,  ,$,—  ,  
 ,  ,"
 ","
 ", ,  , , , ,  , , , 
 ,  , ,"154,300",  ,  , , , ,  , , , 
 ,  ,"
 ","
 ", ,  , , , ,  , , , 
