,,,,,,,,,,,,,,,
,,,,,,,,,,,,,,,
"Roper Technologies, Inc. and Subsidiaries","Roper Technologies, Inc. and Subsidiaries","Roper Technologies, Inc. and Subsidiaries","Roper Technologies, Inc. and Subsidiaries","Roper Technologies, Inc. and Subsidiaries","Roper Technologies, Inc. and Subsidiaries", , , , , , , , , , 
Selected Segment Financial Data (unaudited),Selected Segment Financial Data (unaudited),Selected Segment Financial Data (unaudited),Selected Segment Financial Data (unaudited),Selected Segment Financial Data (unaudited),Selected Segment Financial Data (unaudited),Selected Segment Financial Data (unaudited),Selected Segment Financial Data (unaudited),Selected Segment Financial Data (unaudited), , , , , , , 
(Amounts in millions and percents of net revenues),(Amounts in millions and percents of net revenues),(Amounts in millions and percents of net revenues),(Amounts in millions and percents of net revenues),(Amounts in millions and percents of net revenues), , , , , , , , , , , 
 , , , , , , , , , , , , , , , 
 , , , , , , , , , , , , , , , 
 , ,"Three Months Ended March 31,","Three Months Ended March 31,","Three Months Ended March 31,","Three Months Ended March 31,","Three Months Ended March 31,","Three Months Ended March 31,","Three Months Ended March 31,","Three Months Ended March 31,","Three Months Ended March 31,","Three Months Ended March 31,","Three Months Ended March 31,","Three Months Ended March 31,","Three Months Ended March 31,", 
 , ,2018,2018,2018,2018,2018,2018, ,2017,2017,2017,2017,2017,2017, 
 , ,Amount,Amount,Amount, ,%,%, ,Amount,Amount,Amount, ,%,%, 
Net revenues:, , , , , , , , , , , , , , , 
  RF Technology, ,$,481.6,, , , , ,$,429.6,, , , , 
  Medical & Scientific Imaging, ,366.3,366.3,, , , , ,348.2,348.2,, , , , 
  Industrial Technology, ,216.1,216.1,, , , , ,183.4,183.4,, , , , 
  Energy Systems & Controls, ,138.5,138.5,, , , , ,125.1,125.1,, , , , 
    Total, ,$,"1,202.5",, , , , ,$,"1,086.3",, , , , 
 , , , , , , , , , , , , , , , 
 , , , , , , , , , , , , , , , 
Gross profit:, , , , , , , , , , , , , , , 
  RF Technology, ,$,301.7,, ,62.6,%, ,$,251.5,, ,58.5,%, 
  Medical & Scientific Imaging, ,261.0,261.0,, ,71.3,%, ,251.9,251.9,, ,72.3,%, 
  Industrial Technology, ,108.6,108.6,, ,50.3,%, ,93.1,93.1,, ,50.8,%, 
  Energy Systems & Controls, ,79.2,79.2,, ,57.2,%, ,71.1,71.1,, ,56.8,%, 
    Total, ,$,750.5,, ,62.4,%, ,$,667.6,, ,61.5,%, 
 , , , , , , , , , , , , , , , 
 , , , , , , , , , , , , , , , 
Operating profit*:, , , , , , , , , , , , , , , 
  RF Technology, ,$,120.3,, ,25.0,%, ,$,89.0,, ,20.7,%, 
  Medical & Scientific Imaging, ,120.7,120.7,, ,33.0,%, ,119.8,119.8,, ,34.4,%, 
  Industrial Technology, ,65.7,65.7,, ,30.4,%, ,53.6,53.6,, ,29.2,%, 
  Energy Systems & Controls, ,35.2,35.2,, ,25.4,%, ,30.2,30.2,, ,24.2,%, 
    Total, ,$,341.9,, ,28.4,%, ,$,292.6,, ,26.9,%, 
 , , , , , , , , , , , , , , , 
 , , , , , , , , , , , , , , , 
"*Segment operating profit is before unallocated corporate general and administrative expenses. These expenses were $41.7 and $34.3 for the three months ended March 31, 2018 and 2017.","*Segment operating profit is before unallocated corporate general and administrative expenses. These expenses were $41.7 and $34.3 for the three months ended March 31, 2018 and 2017.","*Segment operating profit is before unallocated corporate general and administrative expenses. These expenses were $41.7 and $34.3 for the three months ended March 31, 2018 and 2017.","*Segment operating profit is before unallocated corporate general and administrative expenses. These expenses were $41.7 and $34.3 for the three months ended March 31, 2018 and 2017.","*Segment operating profit is before unallocated corporate general and administrative expenses. These expenses were $41.7 and $34.3 for the three months ended March 31, 2018 and 2017.","*Segment operating profit is before unallocated corporate general and administrative expenses. These expenses were $41.7 and $34.3 for the three months ended March 31, 2018 and 2017.","*Segment operating profit is before unallocated corporate general and administrative expenses. These expenses were $41.7 and $34.3 for the three months ended March 31, 2018 and 2017.","*Segment operating profit is before unallocated corporate general and administrative expenses. These expenses were $41.7 and $34.3 for the three months ended March 31, 2018 and 2017.","*Segment operating profit is before unallocated corporate general and administrative expenses. These expenses were $41.7 and $34.3 for the three months ended March 31, 2018 and 2017.","*Segment operating profit is before unallocated corporate general and administrative expenses. These expenses were $41.7 and $34.3 for the three months ended March 31, 2018 and 2017.","*Segment operating profit is before unallocated corporate general and administrative expenses. These expenses were $41.7 and $34.3 for the three months ended March 31, 2018 and 2017.","*Segment operating profit is before unallocated corporate general and administrative expenses. These expenses were $41.7 and $34.3 for the three months ended March 31, 2018 and 2017.","*Segment operating profit is before unallocated corporate general and administrative expenses. These expenses were $41.7 and $34.3 for the three months ended March 31, 2018 and 2017.","*Segment operating profit is before unallocated corporate general and administrative expenses. These expenses were $41.7 and $34.3 for the three months ended March 31, 2018 and 2017.","*Segment operating profit is before unallocated corporate general and administrative expenses. These expenses were $41.7 and $34.3 for the three months ended March 31, 2018 and 2017.","*Segment operating profit is before unallocated corporate general and administrative expenses. These expenses were $41.7 and $34.3 for the three months ended March 31, 2018 and 2017."
