 , , , , , , , , , , , , 
"
Exercise Prices",  ,"OptionsOutstanding atDecember 31,2013","OptionsOutstanding atDecember 31,2013", ,  ,Weighted-AverageRemainingContractual Life(Years),Weighted-AverageRemainingContractual Life(Years), ,  ,Weighted-AverageExercise Price,Weighted-AverageExercise Price, 
"
$2.44 to $4.85",  , ,"156,050",  ,  , ,7.0,  ,  ,$,4.02,  
"
$7.33 to $10.00",  , ,"39,000",  ,  , ,3.4,  ,  ,$,10.06,  
"
$10.57 to $17.67",  , ,"69,025",  ,  , ,3.8,  ,  ,$,14.19,  
 ,  ,"
 ","
 ", ,  , , , ,  , , , 
 ,  , ,"264,075",  ,  , , , ,  , , , 
 ,  ,"
 ","
 ", ,  , , , ,  , , , 
