 , , , , , , , , 
 ,  ,"For The Years EndedDecember 31,","For The Years EndedDecember 31,","For The Years EndedDecember 31,","For The Years EndedDecember 31,","For The Years EndedDecember 31,","For The Years EndedDecember 31,", 
 ,  ,2014,2014, , ,2013,2013, 
 ,  ,"(Dollars in thousands,except per share data)","(Dollars in thousands,except per share data)","(Dollars in thousands,except per share data)","(Dollars in thousands,except per share data)","(Dollars in thousands,except per share data)","(Dollars in thousands,except per share data)", 
"
Interest and dividend income",  , , , , , , , 
"
Loans",  ,$,"22,773",  , ,$,"20,915",  
"
Investments:",  , , , , , , , 
"
Taxable interest income",  , ,"1,398",  , , ,"1,797",  
"
Tax exempt interest income",  , ,131,  , , ,222,  
"
Dividends",  , ,196,  , , ,141,  
"
Interest bearing deposits",  , ,34,  , , ,21,  
 ,  ,"
 ","
 ", , ,"
 ","
 ", 
"
Total interest income",  , ,"24,532",  , , ,"23,096",  
 ,  ,"
 ","
 ", , ,"
 ","
 ", 
"
Interest expense",  , , , , , , , 
"
Deposits",  , ,"4,231",  , , ,"4,672",  
"
FHLB advances",  , ,452,  , , ,331,  
"
Subordinated debt and other borrowings",  , ,485,  , , ,141,  
 ,  ,"
 ","
 ", , ,"
 ","
 ", 
"
Total interest expense",  , ,"5,168",  , , ,"5,144",  
 ,  ,"
 ","
 ", , ,"
 ","
 ", 
"
Net interest income",  , ,"19,364",  , , ,"17,952",  
"
Recovery of provision for loan losses",  , ,(352,) , , ,(186,) 
 ,  ,"
 ","
 ", , ,"
 ","
 ", 
"
Net interest income after recovery of provision for loan losses",  , ,"19,716",  , , ,"18,138",  
 ,  ,"
 ","
 ", , ,"
 ","
 ", 
"
Noninterest income",  , , , , , , , 
"
Fees on deposits",  , ,332,  , , ,354,  
"
Gain on sale of securities",  , ,425,  , , ,329,  
"
Gain on sale of loans",  , ,55,  , , ,798,  
"
Other",  , ,"1,010",  , , ,921,  
 ,  ,"
 ","
 ", , ,"
 ","
 ", 
"
Total noninterest income",  , ,"1,822",  , , ,"2,402",  
 ,  ,"
 ","
 ", , ,"
 ","
 ", 
"
Noninterest expenses",  , , , , , , , 
"
Salaries and employee benefits",  , ,"8,631",  , , ,"8,964",  
"
Occupancy expense",  , ,818,  , , ,785,  
"
Data processing",  , ,939,  , , ,989,  
"
Professional services",  , ,411,  , , ,424,  
"
Advertising and marketing",  , ,487,  , , ,397,  
"
FDIC assessment",  , ,370,  , , ,340,  
"
Virginia franchise tax",  , ,524,  , , ,475,  
"
Gain on sale and write down of OREO, net",  , ,(87,) , , ,(105,) 
"
Depreciation",  , ,606,  , , ,578,  
"
Other",  , ,"2,356",  , , ,"2,065",  
 ,  ,"
 ","
 ", , ,"
 ","
 ", 
"
Total noninterest expense",  , ,"15,055",  , , ,"14,912",  
 ,  ,"
 ","
 ", , ,"
 ","
 ", 
"
Net income before income taxes",  , ,"6,483",  , , ,"5,628",  
"
Income tax expense",  , ,"2,095",  , , ,"1,754",  
 ,  ,"
 ","
 ", , ,"
 ","
 ", 
"
Net income",  , ,"4,388",  , , ,"3,874",  
"
Effective dividend on preferred stock",  , ,24,  , , ,345,  
 ,  ,"
 ","
 ", , ,"
 ","
 ", 
"
Net income available to common stockholders",  ,$,"4,364",  , ,$,"3,529",  
 ,  ,"
 ","
 ", , ,"
 ","
 ", 
"
Basic net income per common share",  ,$,0.35,  , ,$,0.29,  
 ,  ,"
 ","
 ", , ,"
 ","
 ", 
"
Diluted net income per common share",  ,$,0.30,  , ,$,0.25,  
 ,  ,"
 ","
 ", , ,"
 ","
 ", 
