,,,,,,,,,,
,,,,,,,,,,
 ,Q1 2018,Q1 2018,Q1 2018, ,Q1 2017,Q1 2017,Q1 2017, ,V Bps, 
GAAP Revenue,$,"1,203",, ,$,"1,086",, , , 
Purchase accounting adjustment to acquired deferred revenue,2,2,, ,22,22,, , , 
Adjusted Revenue,$,"1,205",, ,$,"1,108",, , , 
 , , , , , , , , , , 
GAAP Gross Profit,$,750,, ,$,668,, , , 
Purchase accounting adjustment to acquired deferred revenue,2,2,, ,22,22,, , , 
Rounding,1,1,, ,(1),(1),, , , 
Adjusted Gross Profit,$,753,, ,$,689,, , , 
 , , , , , , , , , , 
GAAP Gross Margin,62.4,62.4,%, ,61.5,61.5,%, ,+90 bps, 
Adjusted Gross Margin,62.5,62.5,%, ,62.2,62.2,%, ,+30 bps, 
