 , , , , , , , , 
 ,  ,2014,2014, , ,2013,2013, 
 ,  ,(Dollars in thousands),(Dollars in thousands),(Dollars in thousands),(Dollars in thousands),(Dollars in thousands),(Dollars in thousands), 
"
Maximum outstanding during the year",  , , , , , , , 
"
FHLB advances",  ,$,"45,000",  , ,$,"30,000",  
"
Federal funds purchased",  , ,"14,070",  , , ,"4,774",  
"
Repurchase agreements",  , ,"20,021",  , , ,"1,871",  
"
Balance outstanding at end of year",  , , , , , , , 
"
FHLB advances",  , ,"45,000",  , , ,"30,000",  
"
Federal funds purchased",  , ,"6,318",  , , ,—  ,  
"
Repurchase agreements",  , ,"1,761",  , , ,"1,393",  
"
Average amount outstanding during the year",  , , , , , , , 
"
FHLB advances",  , ,"38,795",  , , ,"26,877",  
"
Federal funds purchased",  , ,370,  , , ,207,  
"
Repurchase agreements",  , ,"5,126",  , , ,"1,123",  
"
Average interest rate during the year",  , , , , , , , 
"
FHLB advances",  , ,1.16,% , , ,1.23,% 
"
Federal funds purchased",  , ,0.58,% , , ,0.61,% 
"
Repurchase agreements",  , ,0.29,% , , ,0.40,% 
"
Average interest rate at end of year",  , , , , , , , 
"
FHLB advances",  , ,1.20,% , , ,1.13,% 
"
Federal funds purchased",  , ,0.58,% , , ,—  ,  
"
Repurchase agreements",  , ,0.10,% , , ,0.40,% 
