 , , , , , , , , , , , , , , , , , , , , , , , , 
 ,  ,"December 31, 2013","December 31, 2013","December 31, 2013","December 31, 2013","December 31, 2013","December 31, 2013","December 31, 2013","December 31, 2013","December 31, 2013","December 31, 2013","December 31, 2013","December 31, 2013","December 31, 2013","December 31, 2013","December 31, 2013","December 31, 2013","December 31, 2013","December 31, 2013","December 31, 2013","December 31, 2013","December 31, 2013","December 31, 2013", 
 ,  ,Less than 12 Months,Less than 12 Months,Less than 12 Months,Less than 12 Months,Less than 12 Months,Less than 12 Months, ,  ,12 Months or More,12 Months or More,12 Months or More,12 Months or More,12 Months or More,12 Months or More, ,  ,Total,Total,Total,Total,Total,Total, 
 ,  ,FairValue,FairValue, ,  ,UnrealizedLosses,UnrealizedLosses, ,  ,FairValue,FairValue, ,  ,UnrealizedLosses,UnrealizedLosses, ,  ,FairValue,FairValue, ,  ,UnrealizedLosses,UnrealizedLosses, 
 ,  ,(Dollars in thousands),(Dollars in thousands),(Dollars in thousands),(Dollars in thousands),(Dollars in thousands),(Dollars in thousands),(Dollars in thousands),(Dollars in thousands),(Dollars in thousands),(Dollars in thousands),(Dollars in thousands),(Dollars in thousands),(Dollars in thousands),(Dollars in thousands),(Dollars in thousands),(Dollars in thousands),(Dollars in thousands),(Dollars in thousands),(Dollars in thousands),(Dollars in thousands),(Dollars in thousands),(Dollars in thousands), 
"
Assets:",  , , , ,  , , , ,  , , , ,  , , , ,  , , , ,  , , , 
"
Mortgage-backed securities",  ,$,"9,599",  ,  ,$,248,  ,  ,$,856,  ,  ,$,54,  ,  ,$,"10,455",  ,  ,$,302,  
"
Corporate bonds",  , ,—  ,  ,  , ,—  ,  ,  , ,"1,949",  ,  , ,48,  ,  , ,"1,949",  ,  , ,48,  
"
CMO securities",  , ,"8,183",  ,  , ,198,  ,  , ,—  ,  ,  , ,—  ,  ,  , ,"8,183",  ,  , ,198,  
"
State and political subdivisions-taxable",  , ,"8,129",  ,  , ,564,  ,  , ,"2,536",  ,  , ,189,  ,  , ,"10,665",  ,  , ,753,  
"
SBA Pools",  , ,—  ,  ,  , ,—  ,  ,  , ,—  ,  ,  , ,—  ,  ,  , ,—  ,  ,  , ,—  ,  
 ,  ,"
 ","
 ", ,  ,"
 ","
 ", ,  ,"
 ","
 ", ,  ,"
 ","
 ", ,  ,"
 ","
 ", ,  ,"
 ","
 ", 
"
All securities",  ,$,"25,911",  ,  ,$,"1,010",  ,  ,$,"5,341",  ,  ,$,291,  ,  ,$,"31,252",  ,  ,$,"1,301",  
 ,  ,"
 ","
 ", ,  ,"
 ","
 ", ,  ,"
 ","
 ", ,  ,"
 ","
 ", ,  ,"
 ","
 ", ,  ,"
 ","
 ", 
