 , , , , , , , , , , , , , , , , , , , , , , , , , , , , 
 ,  ,Real Estate,Real Estate,Real Estate,Real Estate,Real Estate,Real Estate,Real Estate,Real Estate,Real Estate,Real Estate,Real Estate,Real Estate,Real Estate,Real Estate, , , , , , , , , , , , , 
 ,  ,Residential,Residential, , ,Commercial,Commercial, , ,ResidentialConstruction,ResidentialConstruction, , ,OtherConstructionLand Devel.& OtherLand,OtherConstructionLand Devel.& OtherLand, , ,Commercial,Commercial, , ,Consumer,Consumer, , ,Total,Total, 
 ,  ,(Dollars in thousands),(Dollars in thousands),(Dollars in thousands),(Dollars in thousands),(Dollars in thousands),(Dollars in thousands),(Dollars in thousands),(Dollars in thousands),(Dollars in thousands),(Dollars in thousands),(Dollars in thousands),(Dollars in thousands),(Dollars in thousands),(Dollars in thousands),(Dollars in thousands),(Dollars in thousands),(Dollars in thousands),(Dollars in thousands),(Dollars in thousands),(Dollars in thousands),(Dollars in thousands),(Dollars in thousands),(Dollars in thousands),(Dollars in thousands),(Dollars in thousands),(Dollars in thousands), 
"
Balance, January 1, 2014",  ,$,"2,891",  , ,$,"3,050",  , ,$,591,  , ,$,624,  , ,$,996,  , ,$,13,  , ,$,"8,165",  
"
Provision for (recovery of) loan losses",  , ,(91,) , , ,(94,) , , ,54,  , , ,2,  , , ,(224,) , , ,1,  , , ,(352,) 
"
Recoveries",  , ,131,  , , ,212,  , , ,186,  , , ,—  ,  , , ,305,  , , ,—  ,  , , ,834,  
"
Charge-offs",  , ,(607,) , , ,—  ,  , , ,(120,) , , ,—  ,  , , ,(46,) , , ,—  ,  , , ,(773,) 
 ,  ,"
 ","
 ", , ,"
 ","
 ", , ,"
 ","
 ", , ,"
 ","
 ", , ,"
 ","
 ", , ,"
 ","
 ", , ,"
 ","
 ", 
"
Balance, December 31, 2014",  ,$,"2,324",  , ,$,"3,168",  , ,$,711,  , ,$,626,  , ,$,"1,031",  , ,$,14,  , ,$,"7,874",  
 ,  ,"
 ","
 ", , ,"
 ","
 ", , ,"
 ","
 ", , ,"
 ","
 ", , ,"
 ","
 ", , ,"
 ","
 ", , ,"
 ","
 ", 
"
Balance, January 1, 2013",  ,$,"2,654",  , ,$,"2,947",  , ,$,284,  , ,$,606,  , ,$,762,  , ,$,16,  , ,$,"7,269",  
"
Provision for (recovery of) loan losses",  , ,381,  , , ,(562,) , , ,(500,) , , ,51,  , , ,447,  , , ,(3,) , , ,(186,) 
"
Recoveries",  , ,17,  , , ,998,  , , ,"1,030",  , , ,"1,324",  , , ,5,  , , ,—  ,  , , ,"3,374",  
"
Charge-offs",  , ,(161,) , , ,(333,) , , ,(223,) , , ,"(1,357",) , , ,(218,) , , ,—  ,  , , ,"(2,292",) 
 ,  ,"
 ","
 ", , ,"
 ","
 ", , ,"
 ","
 ", , ,"
 ","
 ", , ,"
 ","
 ", , ,"
 ","
 ", , ,"
 ","
 ", 
"
Balance, December 31, 2013",  ,$,"2,891",  , ,$,"3,050",  , ,$,591,  , ,$,624,  , ,$,996,  , ,$,13,  , ,$,"8,165",  
 ,  ,"
 ","
 ", , ,"
 ","
 ", , ,"
 ","
 ", , ,"
 ","
 ", , ,"
 ","
 ", , ,"
 ","
 ", , ,"
 ","
 ", 
