,,,,,,,
,,,,,,,
"Roper Technologies, Inc. and Subsidiaries", , , , , , , 
Condensed Consolidated Balance Sheets (unaudited),Condensed Consolidated Balance Sheets (unaudited),Condensed Consolidated Balance Sheets (unaudited),Condensed Consolidated Balance Sheets (unaudited), , , , 
(Amounts in millions), , , , , , , 
, , , , , , , 
,"March 31, 2018","March 31, 2018","March 31, 2018", ,"December 31, 2017","December 31, 2017","December 31, 2017"
ASSETS:,,,, ,,,
 , , , , , , , 
Cash and cash equivalents,$,366.2,, ,$,671.3,
"Accounts receivable, net",631.2,631.2,, ,641.7,641.7,
"Inventories, net",216.7,216.7,, ,204.9,204.9,
Income taxes receivable,46.2,46.2,, ,24.4,24.4,
Unbilled receivables,157.6,157.6,, ,143.6,143.6,
Other current assets,84.1,84.1,, ,73.5,73.5,
Total current assets,"1,502.0","1,502.0",, ,"1,759.4","1,759.4",
,,,, ,,,
"Property, plant and equipment, net",140.9,140.9,, ,142.5,142.5,
Goodwill,"8,869.9","8,869.9",, ,"8,820.3","8,820.3",
"Other intangible assets, net","3,437.7","3,437.7",, ,"3,475.2","3,475.2",
Deferred taxes,31.4,31.4,, ,30.7,30.7,
Other assets,92.2,92.2,, ,88.3,88.3,
 , , , , , , , 
Total assets,$,"14,074.1",, ,$,"14,316.4",
,,,, ,,,
LIABILITIES AND STOCKHOLDERS' EQUITY:,,,, ,,,
 , , , , , , , 
Accounts payable,$,171.1,, ,$,171.1,
Accrued compensation,149.0,149.0,, ,198.0,198.0,
Deferred revenue,584.7,584.7,, ,566.4,566.4,
Other accrued liabilities,274.2,274.2,, ,266.6,266.6,
Income taxes payable,67.2,67.2,, ,26.4,26.4,
"Current portion of long-term debt, net",801.3,801.3,, ,800.9,800.9,
Total current liabilities,"2,047.5","2,047.5",, ,"2,029.4","2,029.4",
,,,, ,,,
"Long-term debt, net of current portion","3,820.7","3,820.7",, ,"4,354.6","4,354.6",
Deferred taxes,829.8,829.8,, ,829.6,829.6,
Other liabilities,220.6,220.6,, ,239.2,239.2,
Total liabilities,"6,918.6","6,918.6",, ,"7,452.8","7,452.8",
,,,, ,,,
Common stock,1.0,1.0,, ,1.0,1.0,
Additional paid-in capital,"1,653.9","1,653.9",, ,"1,602.9","1,602.9",
Retained earnings,"5,647.6","5,647.6",, ,"5,464.6","5,464.6",
Accumulated other comprehensive loss,(128.4,(128.4,), ,(186.2,(186.2,)
Treasury stock,(18.6,(18.6,), ,(18.7,(18.7,)
Total stockholders' equity,"7,155.5","7,155.5",, ,"6,863.6","6,863.6",
 , , , , , , , 
Total liabilities and stockholders' equity,$,"14,074.1",, ,$,"14,316.4",
