 , , , , , , , , 
 ,  ,2014,2014, ,  ,2013,2013, 
 ,  ,(Dollars in thousands),(Dollars in thousands),(Dollars in thousands),(Dollars in thousands),(Dollars in thousands),(Dollars in thousands), 
"
Financial instruments whose contract amounts represent credit risk:",  , , , ,  , , , 
"
Unused commercial lines of credit",  ,$,"127,031",  ,  ,$,"90,657",  
"
Unused consumer lines of credit",  , ,"15,333",  ,  , ,"15,236",  
"
Standby and Performance Letters of Credit",  , ,"10,089",  ,  , ,"7,194",  
"
Loan commitments",  , ,"38,774",  ,  , ,"18,418",  
 ,  ,"
 ","
 ", ,  ,"
 ","
 ", 
 ,  ,$,"191,227",  ,  ,$,"131,505",  
 ,  ,"
 ","
 ", ,  ,"
 ","
 ", 
