 , , , , 
"
Consolidated Financial Statements at and for the Years Ended December 31, 2014 and 2013",  , , , 
 , , , , 
Report of Independent Registered Public Accounting Firm, , ,F-3, 
 , , , , 
"Consolidated Statements of Financial Condition December 31, 2014 and 2013", , ,F-4, 
 , , , , 
"Consolidated Statements of Operations Years Ended December 31, 2014 and 2013", , ,F-5, 
 , , , , 
"Consolidated Statement of Comprehensive Income Years Ended December 31, 2014 and 2013", , ,F-6, 
 , , , , 
"Consolidated Statements of Stockholders’ Equity For the Years Ended December 31, 2014 and 2013", , ,F-7, 
 , , , , 
"Consolidated Statements of Cash Flows Years Ended December 31, 2014 and 2013", , ,F-8, 
 , , , , 
Notes to Consolidated Financial Statements, , ,F-10, 
