 , , , , , , , , , , , , , , , , 
 ,  ,2014,2014,2014,2014,2014,2014, , ,2013,2013,2013,2013,2013,2013, 
 ,  ,Amount,Amount, ,  ,Average Rate,Average Rate, , ,Amount,Amount, ,  ,Average Rate,Average Rate, 
 ,  ,(Dollars in thousands),(Dollars in thousands),(Dollars in thousands),(Dollars in thousands),(Dollars in thousands),(Dollars in thousands),(Dollars in thousands),(Dollars in thousands),(Dollars in thousands),(Dollars in thousands),(Dollars in thousands),(Dollars in thousands),(Dollars in thousands),(Dollars in thousands), 
"
Noninterest-bearing deposits",  , , , ,  , , , , , , , ,  , , , 
"
Demand deposits",  ,$,"70,770",  ,  , ,0.00,% , ,$,"67,694",  ,  , ,0.00,% 
"
Interest-bearing deposits",  , , , ,  , , , , , , , ,  , , , 
"
Money market and NOW accounts",  , ,"186,900",  ,  , ,0.31,% , , ,"168,529",  ,  , ,0.38,% 
"
Certificates of deposit",  , , , ,  , , , , , , , ,  , , , 
"
Less than $100 thousand",  , ,"73,912",  ,  , ,1.28,% , , ,"75,480",  ,  , ,1.77,% 
"
Greater than $100 thousand",  , ,"147,925",  ,  , ,1.48,% , , ,"144,265",  ,  , ,1.64,% 
 ,  ,"
 ","
 ", ,  , , , , ,"
 ","
 ", ,  , , , 
 ,  ,$,"479,507",  ,  , , , , ,$,"455,968",  ,  , , , 
 ,  ,"
 ","
 ", ,  , , , , ,"
 ","
 ", ,  , , , 
