 , , , , , , , , , , , , , , , , 
 ,  ,"December 31, 2014","December 31, 2014","December 31, 2014","December 31, 2014","December 31, 2014","December 31, 2014","December 31, 2014","December 31, 2014","December 31, 2014","December 31, 2014","December 31, 2014","December 31, 2014","December 31, 2014","December 31, 2014", 
 ,  ,Fair Value Measurements Using,Fair Value Measurements Using,Fair Value Measurements Using,Fair Value Measurements Using,Fair Value Measurements Using,Fair Value Measurements Using,Fair Value Measurements Using,Fair Value Measurements Using,Fair Value Measurements Using,Fair Value Measurements Using, ,  ,FairValues,FairValues, 
 ,  ,Level 1,Level 1, ,  ,Level 2,Level 2, ,  ,Level 3,Level 3, ,  ,FairValues,FairValues, 
"
Assets:",  , ,(Dollars in thousands),(Dollars in thousands),(Dollars in thousands),(Dollars in thousands),(Dollars in thousands),(Dollars in thousands),(Dollars in thousands),(Dollars in thousands),(Dollars in thousands),(Dollars in thousands),(Dollars in thousands),(Dollars in thousands),(Dollars in thousands),  
 ,  ,"
 ","
 ", ,  ,"
 ","
 ", ,  ,"
 ","
 ", ,  ,"
 ","
 ", 
"
Available-for-sale securities",  ,$,—  ,  ,  ,$,"74,283",  ,  ,$,—  ,  ,  ,$,"74,283",  
 ,  ,"
 ","
 ", ,  ,"
 ","
 ", ,  ,"
 ","
 ", ,  ,"
 ","
 ", 
 , , , , , , , , , , , , , , , , 
 ,  ,"December 31, 2013","December 31, 2013","December 31, 2013","December 31, 2013","December 31, 2013","December 31, 2013","December 31, 2013","December 31, 2013","December 31, 2013","December 31, 2013","December 31, 2013","December 31, 2013","December 31, 2013","December 31, 2013", 
 ,  ,Fair Value Measurements Using,Fair Value Measurements Using,Fair Value Measurements Using,Fair Value Measurements Using,Fair Value Measurements Using,Fair Value Measurements Using,Fair Value Measurements Using,Fair Value Measurements Using,Fair Value Measurements Using,Fair Value Measurements Using, ,  ,FairValues,FairValues, 
 ,  ,Level 1,Level 1, ,  ,Level 2,Level 2, ,  ,Level 3,Level 3, ,  ,FairValues,FairValues, 
"
Assets:",  , ,(Dollars in thousands),(Dollars in thousands),(Dollars in thousands),(Dollars in thousands),(Dollars in thousands),(Dollars in thousands),(Dollars in thousands),(Dollars in thousands),(Dollars in thousands),(Dollars in thousands),(Dollars in thousands),(Dollars in thousands),(Dollars in thousands),  
 ,  ,"
 ","
 ", ,  ,"
 ","
 ", ,  ,"
 ","
 ", ,  ,"
 ","
 ", 
"
Available-for-sale securities",  ,$,—  ,  ,  ,$,"71,511",  ,  ,$,—  ,  ,  ,$,"71,511",  
 ,  ,"
 ","
 ", ,  ,"
 ","
 ", ,  ,"
 ","
 ", ,  ,"
 ","
 ", 
