 , , , , , , , , 
 ,  ,"December 31,","December 31,","December 31,","December 31,","December 31,","December 31,", 
 ,  ,2014,2014, , ,2013,2013, 
 ,  ,(Dollars in thousands),(Dollars in thousands),(Dollars in thousands),(Dollars in thousands),(Dollars in thousands),(Dollars in thousands), 
"
Balance, beginning of period",  ,$,"8,165",  , ,$,"7,269",  
"
Recovery of provision for loan losses",  , ,(352,) , , ,(186,) 
"
Recoveries",  , ,834,  , , ,"3,374",  
"
Charge-offs",  , ,(773,) , , ,"(2,292",) 
 ,  ,"
 ","
 ", , ,"
 ","
 ", 
"
Balance, end of period",  ,$,"7,874",  , ,$,"8,165",  
 ,  ,"
 ","
 ", , ,"
 ","
 ", 
"
Ratio of allowance for loan losses as a percent of total loans outstanding at the end of the period",  , ,1.63,% , , ,1.89,% 
 ,  ,"
 ","
 ", , ,"
 ","
 ", 
