,,,,,,,,
,,,,,,,,
"Roper Technologies, Inc. and Subsidiaries","Roper Technologies, Inc. and Subsidiaries","Roper Technologies, Inc. and Subsidiaries","Roper Technologies, Inc. and Subsidiaries","Roper Technologies, Inc. and Subsidiaries","Roper Technologies, Inc. and Subsidiaries", , , 
Condensed Consolidated Statements of Earnings (unaudited),Condensed Consolidated Statements of Earnings (unaudited),Condensed Consolidated Statements of Earnings (unaudited),Condensed Consolidated Statements of Earnings (unaudited),Condensed Consolidated Statements of Earnings (unaudited),Condensed Consolidated Statements of Earnings (unaudited),Condensed Consolidated Statements of Earnings (unaudited),Condensed Consolidated Statements of Earnings (unaudited),Condensed Consolidated Statements of Earnings (unaudited)
"(Amounts in millions, except per share data)", , , , , , , , 
 , , , , , , , , 
 , ,"Three months ended March 31,","Three months ended March 31,","Three months ended March 31,","Three months ended March 31,","Three months ended March 31,","Three months ended March 31,","Three months ended March 31,"
 , ,2018,2018,2018, ,2017,2017,2017
Net revenues, ,$,"1,202.5",, ,$,"1,086.3",
Cost of sales, ,452.0,452.0,, ,418.7,418.7,
Gross profit, ,750.5,750.5,, ,667.6,667.6,
 , , , , , , , , 
"Selling, general and administrative expenses", ,450.3,450.3,, ,409.3,409.3,
Income from operations, ,300.2,300.2,, ,258.3,258.3,
 , , , , , , , , 
"Interest expense, net", ,43.2,43.2,, ,45.9,45.9,
"Other expense, net", ,(1.7,(1.7,), ,(1.1,(1.1,)
 , , , , , , , , 
Earnings before income taxes, ,255.3,255.3,, ,211.3,211.3,
 , , , , , , , , 
Income taxes, ,44.0,44.0,, ,53.2,53.2,
 , , , , , , , , 
Net earnings, ,$,211.3,, ,$,158.1,
 , , , , , , , , 
Net earnings per share:, , , , , , , , 
Basic, ,$,2.05,, ,$,1.55,
Diluted, ,$,2.03,, ,$,1.53,
 , , , , , , , , 
Weighted average common shares outstanding:, , , , , , , , 
Basic, ,102.9,102.9,, ,101.9,101.9,
Diluted, ,104.2,104.2,, ,103.1,103.1,
