 , , , , , , , , 
 ,  ,2014,2014, , ,2013,2013, 
 ,  ,(Dollars in thousands),(Dollars in thousands),(Dollars in thousands),(Dollars in thousands),(Dollars in thousands),(Dollars in thousands), 
"
Cash flows from operating activities",  , , , , , , , 
"
Net income",  ,$,"4,388",  , ,$,"3,874",  
"
Adjustments to reconcile net income to net cash provided by operating activities:",  , , , , , , , 
"
Recovery of provision for loan losses",  , ,(352,) , , ,(186,) 
"
Depreciation of premises and equipment",  , ,606,  , , ,578,  
"
Net amortization of bond premiums/discounts",  , ,661,  , , ,722,  
"
Stock based compensation expense",  , ,367,  , , ,659,  
"
Deferred income tax expense",  , ,"1,772",  , , ,"1,659",  
"
Gain on sale of securities",  , ,(425,) , , ,(329,) 
"
Gain on loans sold",  , ,(55,) , , ,(798,) 
"
Gain on sale and write down of OREO, net",  , ,(87,) , , ,(105,) 
"
Increase in cash surrender value of bank owned life insurance",  , ,(320,) , , ,(329,) 
"
Proceeds from sale of loans held for sale",  , ,"7,167",  , , ,"80,074",  
"
Origination of loans held for sale",  , ,"(6,120",) , , ,"(70,356",) 
"
(Increase) decrease in other assets",  , ,(100,) , , ,"1,403",  
"
(Increase) decrease in accrued interest receivable",  , ,(35,) , , ,106,  
"
Increase (decrease) in accrued expenses and other liabilities",  , ,"1,054",  , , ,(33,) 
 ,  ,"
 ","
 ", , ,"
 ","
 ", 
"
Net cash provided by operating activities",  , ,"8,521",  , , ,"16,939",  
 ,  ,"
 ","
 ", , ,"
 ","
 ", 
"
Cash flows from investing activities",  , , , , , , , 
"
Proceeds from maturities and calls of securities",  , ,550,  , , ,"1,592",  
"
Proceeds from paydowns of securities available-for-sale",  , ,"11,396",  , , ,"13,036",  
"
Purchase of securities available-for-sale",  , ,"(37,699",) , , ,"(25,466",) 
"
Proceeds from sale of securities available-for-sale",  , ,"23,251",  , , ,"23,495",  
"
Proceeds from sale of OREO",  , ,"1,160",  , , ,"1,942",  
"
Improvements in OREO",  , ,(257,) , , ,106,  
"
Proceeds from sale of equipment",  , ,52,  , , ,—  ,  
"
Purchase of Federal Home Loan Bank Stock, net",  , ,(516,) , , ,(64,) 
"
Purchase of Federal Reserve Stock",  , ,(158,) , , ,(11,) 
"
Purchase of time deposits in other banks",  , ,"(2,000",) , , ,—  ,  
"
Purchases of premises and equipment",  , ,"(1,668",) , , ,(84,) 
"
Net increase in loans",  , ,"(50,245",) , , ,"(54,884",) 
 ,  ,"
 ","
 ", , ,"
 ","
 ", 
"
Net cash used in investing activities",  , ,"(56,134",) , , ,"(40,338",) 
 ,  ,"
 ","
 ", , ,"
 ","
 ", 
"
Cash flows from financing activities",  , , , , , , , 
"
Net increase (decrease) in deposits",  , ,"23,539",  , , ,"(3,145",) 
"
Borrowings with FHLB, net",  , ,"15,000",  , , ,"5,000",  
"
Federal funds purchased, net",  , ,"6,318",  , , ,—  ,  
"
Dividends on preferred stock",  , ,(8,) , , ,(276,) 
"
Cash paid for redemption of common stock warrants and preferred stock, net of expenses",  , ,"(5,531",) , , ,(281,) 
"
Proceeds from issuance of subordinated debt, net of payments",  , ,"6,404",  , , ,—  ,  
"
Retirement of subordinated debt",  , ,"(2,000",) , , ,—  ,  
"
Warrants exercised in connection with the rights offering",  , ,429,  , , ,445,  
"
Net increase in repurchase agreements",  , ,368,  , , ,522,  
 ,  ,"
 ","
 ", , ,"
 ","
 ", 
"
Net cash provided by financing activities",  , ,"44,519",  , , ,"2,265",  
 ,  ,"
 ","
 ", , ,"
 ","
 ", 
"
Net decrease in cash and cash equivalents",  , ,"(3,094",) , , ,"(21,134",) 
"
Cash and cash equivalents, beginning of period",  , ,"14,187",  , , ,"35,321",  
 ,  ,"
 ","
 ", , ,"
 ","
 ", 
"
Cash and cash equivalents, end of period",  ,$,"11,093",  , ,$,"14,187",  
 ,  ,"
 ","
 ", , ,"
 ","
 ", 
