 , , , , , , , , , , , , , , , , 
 ,  ,"December 31, 2013","December 31, 2013","December 31, 2013","December 31, 2013","December 31, 2013","December 31, 2013","December 31, 2013","December 31, 2013","December 31, 2013","December 31, 2013","December 31, 2013","December 31, 2013","December 31, 2013","December 31, 2013", 
 ,  ,AmortizedCosts,AmortizedCosts, ,  ,Gross Unrealized,Gross Unrealized,Gross Unrealized,Gross Unrealized,Gross Unrealized,Gross Unrealized, ,  ,FairValues,FairValues, 
 ,  ,AmortizedCosts,AmortizedCosts, ,  ,Gains,Gains, ,  ,Losses,Losses, ,  ,FairValues,FairValues, 
 ,  ,(Dollars in thousands),(Dollars in thousands),(Dollars in thousands),(Dollars in thousands),(Dollars in thousands),(Dollars in thousands),(Dollars in thousands),(Dollars in thousands),(Dollars in thousands),(Dollars in thousands),(Dollars in thousands),(Dollars in thousands),(Dollars in thousands),(Dollars in thousands), 
"
Held-to-maturity",  , , , ,  , , , ,  , , , ,  , , , 
"
Tax-exempt municipal bonds",  ,$,"2,375",  ,  ,$,138,  ,  ,$,3,  ,  ,$,"2,510",  
 ,  ,"
 ","
 ", ,  ,"
 ","
 ", ,  ,"
 ","
 ", ,  ,"
 ","
 ", 
 ,  ,$,"2,375",  ,  ,$,138,  ,  ,$,3,  ,  ,$,"2,510",  
 ,  ,"
 ","
 ", ,  ,"
 ","
 ", ,  ,"
 ","
 ", ,  ,"
 ","
 ", 
