 , , , , , , , , , , , , , , , , , , , , , , , , 
 ,  ,"December 31, 2013","December 31, 2013","December 31, 2013","December 31, 2013","December 31, 2013","December 31, 2013","December 31, 2013","December 31, 2013","December 31, 2013","December 31, 2013","December 31, 2013","December 31, 2013","December 31, 2013","December 31, 2013","December 31, 2013","December 31, 2013","December 31, 2013","December 31, 2013","December 31, 2013","December 31, 2013","December 31, 2013","December 31, 2013", 
 ,  ,Pass,Pass, ,  ,SpecialMention,SpecialMention, ,  ,Substandard,Substandard, ,  ,Doubtful,Doubtful, ,  ,Loss,Loss, ,  ,Total,Total, 
 ,  ,(Dollars in thousands),(Dollars in thousands),(Dollars in thousands),(Dollars in thousands),(Dollars in thousands),(Dollars in thousands),(Dollars in thousands),(Dollars in thousands),(Dollars in thousands),(Dollars in thousands),(Dollars in thousands),(Dollars in thousands),(Dollars in thousands),(Dollars in thousands),(Dollars in thousands),(Dollars in thousands),(Dollars in thousands),(Dollars in thousands),(Dollars in thousands),(Dollars in thousands),(Dollars in thousands),(Dollars in thousands), 
"
Real estate",  , , , ,  , , , ,  , , , ,  , , , ,  , , , ,  , , , 
"
Residential",  ,$,"133,389",  ,  ,$,"5,523",  ,  ,$,"3,790",  ,  ,$,—  ,  ,  ,$,—  ,  ,  ,$,"142,702",  
"
Commercial",  , ,"157,028",  ,  , ,"5,272",  ,  , ,"2,916",  ,  , ,—  ,  ,  , ,—  ,  ,  , ,"165,216",  
"
Residential Construction",  , ,"21,330",  ,  , ,355,  ,  , ,918,  ,  , ,—  ,  ,  , ,—  ,  ,  , ,"22,603",  
"
Other Construction, Land",  , , , ,  , , , ,  , , , ,  , , , ,  , , , ,  , , , 
"
Development & Other Land",  , ,"32,914",  ,  , ,"2,504",  ,  , ,"7,839",  ,  , ,—  ,  ,  , ,—  ,  ,  , ,"43,257",  
"
Commercial",  , ,"53,794",  ,  , ,"1,227",  ,  , ,926,  ,  , ,—  ,  ,  , ,—  ,  ,  , ,"55,947",  
"
Consumer",  , ,"1,558",  ,  , ,57,  ,  , ,—  ,  ,  , ,—  ,  ,  , ,—  ,  ,  , ,"1,615",  
 ,  ,"
 ","
 ", ,  ,"
 ","
 ", ,  ,"
 ","
 ", ,  ,"
 ","
 ", ,  ,"
 ","
 ", ,  ,"
 ","
 ", 
"
Total",  ,$,"400,013",  ,  ,$,"14,938",  ,  ,$,"16,389",  ,  ,$,—  ,  ,  ,$,—  ,  ,  ,$,"431,340",  
 ,  ,"
 ","
 ", ,  ,"
 ","
 ", ,  ,"
 ","
 ", ,  ,"
 ","
 ", ,  ,"
 ","
 ", ,  ,"
 ","
 ", 
