 , , , , , , , , 
 ,  ,"December 31,2014","December 31,2014", , ,"December 31,2013","December 31,2013", 
 ,  ,(Dollars in thousands),(Dollars in thousands),(Dollars in thousands),(Dollars in thousands),(Dollars in thousands),(Dollars in thousands), 
"
ASSETS",  , , , , , , , 
"
Cash and due from banks",  ,$,"10,951",  , ,$,"10,202",  
"
Interest-bearing deposits in other banks",  , ,142,  , , ,"3,985",  
 ,  ,"
 ","
 ", , ,"
 ","
 ", 
"
Total cash and cash equivalents",  , ,"11,093",  , , ,"14,187",  
"
Time deposits in other banks",  , ,"2,000",  , , ,—  ,  
"
Investment securities:",  , , , , , , , 
"
Available-for-sale, at fair value",  , ,"74,283",  , , ,"71,511",  
"
Held-to-maturity, at amortized cost",  , ,"2,371",  , , ,"2,375",  
"
Restricted, at cost",  , ,"4,228",  , , ,"3,554",  
"
Loans held for sale",  , ,—  ,  , , ,992,  
"
Loans, net of allowance for losses of $7,874 in 2014 and $8,165 in 2013",  , ,"473,789",  , , ,"423,160",  
"
Other real estate owned (OREO)",  , ,"1,810",  , , ,"2,658",  
"
Premises and equipment, net",  , ,"11,461",  , , ,"10,451",  
"
Accrued interest receivable",  , ,"1,736",  , , ,"1,701",  
"
Bank owned life insurance",  , ,"9,900",  , , ,"9,580",  
"
Deferred tax asset",  , ,"4,115",  , , ,"6,064",  
"
Other assets",  , ,"1,752",  , , ,"1,652",  
 ,  ,"
 ","
 ", , ,"
 ","
 ", 
"
Total assets",  ,$,"598,538",  , ,$,"547,885",  
 ,  ,"
 ","
 ", , ,"
 ","
 ", 
"
LIABILITIES",  , , , , , , , 
"
Deposits",  , , , , , , , 
"
Noninterest-bearing",  , ,"70,770",  , , ,"67,694",  
"
Interest-bearing",  , ,"408,737",  , , ,"388,274",  
 ,  ,"
 ","
 ", , ,"
 ","
 ", 
"
Total deposits",  , ,"479,507",  , , ,"455,968",  
 ,  ,"
 ","
 ", , ,"
 ","
 ", 
"
Securities sold under repurchase agreements",  , ,"1,761",  , , ,"1,393",  
"
Federal funds purchased",  , ,"6,318",  , , ,—  ,  
"
Subordinated debt and trust preferred",  , ,"11,559",  , , ,"7,155",  
"
Federal Home Loan Bank advances",  , ,"45,000",  , , ,"30,000",  
"
Accrued expenses and other liabilities",  , ,"4,741",  , , ,"3,687",  
 ,  ,"
 ","
 ", , ,"
 ","
 ", 
"
Total liabilities",  , ,"548,886",  , , ,"498,203",  
 ,  ,"
 ","
 ", , ,"
 ","
 ", 
"
STOCKHOLDERS’ EQUITY",  , , , , , , , 
"
Preferred stock, See Note 9",  , ,—  ,  , , ,22,  
"
Common stock, See Note 19",  , ,128,  , , ,"50,208",  
"
Additional paid-in capital",  , ,"48,569",  , , ,"4,448",  
"
Retained earnings (Accumulated deficit)",  , ,"1,020",  , , ,"(4,590",) 
"
Discount on preferred stock",  , ,—  ,  , , ,(16,) 
"
Accumulated other comprehensive loss, net of tax",  , ,(65,) , , ,(390,) 
 ,  ,"
 ","
 ", , ,"
 ","
 ", 
"
Total stockholders’ equity",  , ,"49,652",  , , ,"49,682",  
 ,  ,"
 ","
 ", , ,"
 ","
 ", 
"
Total liabilities and stockholders’ equity",  ,$,"598,538",  , ,$,"547,885",  
 ,  ,"
 ","
 ", , ,"
 ","
 ", 
