 , , , , , , , , 
 ,  ,2014,2014, ,  ,2013,2013, 
 ,  ,(Unaudited),(Unaudited),(Unaudited),(Unaudited),(Unaudited),(Unaudited), 
 ,  ,(Dollars in thousands),(Dollars in thousands),(Dollars in thousands),(Dollars in thousands),(Dollars in thousands),(Dollars in thousands), 
"
Supplemental disclosure of cash flow information",  , , , ,  , , , 
"
Interest paid during the period",  ,$,"5,160",  ,  ,$,"5,145",  
 ,  ,"
 ","
 ", ,  ,"
 ","
 ", 
"
Taxes paid (refunded) during the period, net",  ,$,410,  ,  ,$,(917,) 
 ,  ,"
 ","
 ", ,  ,"
 ","
 ", 
"
Supplemental schedule of noncash investing and financing activities",  , , , ,  , , , 
"
Transfer of loans to OREO",  ,$,—  ,  ,  ,$,"3,130",  
 ,  ,"
 ","
 ", ,  ,"
 ","
 ", 
"
Unrealized gain (loss) on securities available for sale, net of tax",  ,$,325,  ,  ,$,"(1,827",) 
 ,  ,"
 ","
 ", ,  ,"
 ","
 ", 
"
Company financed sales of OREO",  ,$,32,  ,  ,$,"2,300",  
 ,  ,"
 ","
 ", ,  ,"
 ","
 ", 
