 , , , , , , , , , , , , , , , , , , , , , , , , 
 ,  ,Actual,Actual,Actual,Actual,Actual,Actual, , ,Minimum CapitalRequirement,Minimum CapitalRequirement,Minimum CapitalRequirement,Minimum CapitalRequirement,Minimum CapitalRequirement,Minimum CapitalRequirement, , ,Minimum To BeWell CapitalizedUnder PromptCorrective ActionProvision,Minimum To BeWell CapitalizedUnder PromptCorrective ActionProvision,Minimum To BeWell CapitalizedUnder PromptCorrective ActionProvision,Minimum To BeWell CapitalizedUnder PromptCorrective ActionProvision,Minimum To BeWell CapitalizedUnder PromptCorrective ActionProvision,Minimum To BeWell CapitalizedUnder PromptCorrective ActionProvision, 
 ,  ,Amount,Amount, ,  ,Ratio,Ratio, , ,Amount,Amount, ,  ,Ratio,Ratio, , ,Amount,Amount, ,  ,Ratio,Ratio, 
 ,  ,(Dollars in thousands),(Dollars in thousands),(Dollars in thousands),(Dollars in thousands),(Dollars in thousands),(Dollars in thousands),(Dollars in thousands),(Dollars in thousands),(Dollars in thousands),(Dollars in thousands),(Dollars in thousands),(Dollars in thousands),(Dollars in thousands),(Dollars in thousands),(Dollars in thousands),(Dollars in thousands),(Dollars in thousands),(Dollars in thousands),(Dollars in thousands),(Dollars in thousands),(Dollars in thousands),(Dollars in thousands), 
"
As of December 31, 2013",  , , , ,  , , , , , , , ,  , , , , , , , ,  , , , 
"
Total capital to risk weighted assets",  , , , ,  , , , , , , , ,  , , , , , , , ,  , , , 
"
Consolidated",  ,$,"61,060",  ,  , ,13.78,% , ,$,"35,446",  ,  , ,8.00,% , ,$,"44,307",  ,  , ,10.00,% 
"
First Capital Bank",  ,$,"58,960",  ,  , ,13.32,% , ,$,"35,406",  ,  , ,8.00,% , ,$,"44,257",  ,  , ,10.00,% 
"
Tier 1 capital to risk weighted assets",  , , , ,  , , , , , , , ,  , , , , , , , ,  , , , 
"
Consolidated",  ,$,"54,689",  ,  , ,12.34,% , ,$,"17,723",  ,  , ,4.00,% , ,$,"26,584",  ,  , ,6.00,% 
"
First Capital Bank",  ,$,"52,595",  ,  , ,11.88,% , ,$,"17,703",  ,  , ,4.00,% , ,$,"26,554",  ,  , ,6.00,% 
"
Tier 1 capital to average adjusted assets",  , , , ,  , , , , , , , ,  , , , , , , , ,  , , , 
"
Consolidated",  ,$,"54,689",  ,  , ,10.04,% , ,$,"21,796",  ,  , ,4.00,% , ,$,"27,244",  ,  , ,5.00,% 
"
First Capital Bank",  ,$,"52,595",  ,  , ,9.67,% , ,$,"21,754",  ,  , ,4.00,% , ,$,"27,193",  ,  , ,5.00,% 
