 , , , , , , , , , , , , , , , , 
 ,  ,"December 31, 2013","December 31, 2013","December 31, 2013","December 31, 2013","December 31, 2013","December 31, 2013","December 31, 2013","December 31, 2013","December 31, 2013","December 31, 2013","December 31, 2013","December 31, 2013","December 31, 2013","December 31, 2013", 
 ,  ,AmortizedCosts,AmortizedCosts, ,  ,Gross Unrealized,Gross Unrealized,Gross Unrealized,Gross Unrealized,Gross Unrealized,Gross Unrealized, ,  ,FairValues,FairValues, 
 ,  ,AmortizedCosts,AmortizedCosts, ,  ,Gains,Gains, ,  ,Losses,Losses, ,  ,FairValues,FairValues, 
 ,  ,(Dollars in thousands),(Dollars in thousands),(Dollars in thousands),(Dollars in thousands),(Dollars in thousands),(Dollars in thousands),(Dollars in thousands),(Dollars in thousands),(Dollars in thousands),(Dollars in thousands),(Dollars in thousands),(Dollars in thousands),(Dollars in thousands),(Dollars in thousands), 
"
Available-for-sale",  , , , ,  , , , ,  , , , ,  , , , 
"
Mortgage-backed securities",  ,$,"22,258",  ,  ,$,186,  ,  ,$,302,  ,  ,$,"22,142",  
"
Corporate bonds",  , ,"5,996",  ,  , ,53,  ,  , ,48,  ,  , ,"6,001",  
"
Collateralized mortgage obligation (CMO) securities",  , ,"27,186",  ,  , ,345,  ,  , ,198,  ,  , ,"27,333",  
"
State and political subdivisions – taxable",  , ,"15,024",  ,  , ,56,  ,  , ,753,  ,  , ,"14,327",  
"
State and political subdivisions – tax exempt",  , ,"1,637",  ,  , ,71,  ,  , ,—  ,  ,  , ,"1,708",  
"
SBA – Guarantee portion",  , ,—  ,  ,  , ,—  ,  ,  , ,—  ,  ,  , ,—  ,  
 ,  ,"
 ","
 ", ,  ,"
 ","
 ", ,  ,"
 ","
 ", ,  ,"
 ","
 ", 
 ,  ,$,"72,101",  ,  ,$,711,  ,  ,$,"1,301",  ,  ,$,"71,511",  
 ,  ,"
 ","
 ", ,  ,"
 ","
 ", ,  ,"
 ","
 ", ,  ,"
 ","
 ", 
