,,,,,,,,,,,
,,,,,,,,,,,
 ,Q1 2018,Q1 2018,Q1 2018, ,Q1 2017,Q1 2017,Q1 2017, ,V% / Bps,V% / Bps, 
GAAP Earnings Before Taxes,$,255,, ,$,211,, ,21,%, 
Purchase accounting adjustment to acquired deferred revenue,2,2,, ,22,22,, , , , 
Purchase accounting adjustment for commission expense ,-,-,, ,(2),(2),, , , , 
Amortization of acquisition-related intangible assets,74,74,, ,72,72,, , , , 
Rounding,1,1,, ,-,-,, , , , 
Adjusted Earnings Before Taxes,$,332,, ,$,303,, ,10,%, 
