 , , , , , , , , 
 ,  ,2014,2014, , ,2013,2013, 
 ,  ,(Dollars in thousands),(Dollars in thousands),(Dollars in thousands),(Dollars in thousands),(Dollars in thousands),(Dollars in thousands), 
"
Assets",  , , , , , , , 
"
Cash on deposit with subsidiary bank",  ,$,"2,500",  , ,$,"1,749",  
"
Investment in subsidiary",  , ,"57,959",  , , ,"52,641",  
"
Investment in special purpose subsidiary",  , ,155,  , , ,155,  
"
Other assets",  , ,604,  , , ,332,  
 ,  ,"
 ","
 ", , ,"
 ","
 ", 
 ,  ,$,"61,218",  , ,$,"54,877",  
 ,  ,"
 ","
 ", , ,"
 ","
 ", 
"
Liabilities and Stockholders’ Equity",  , , , , , , , 
"
Trust preferred debt",  ,$,"11,559",  , ,$,"5,155",  
"
Other liabilities",  , ,7,  , , ,40,  
 ,  ,"
 ","
 ", , ,"
 ","
 ", 
"
Total liabilities",  , ,"11,566",  , , ,"5,195",  
 ,  ,"
 ","
 ", , ,"
 ","
 ", 
"
Stockholders’ Equity",  , , , , , , , 
"
Preferred stock",  , ,—  ,  , , ,22,  
"
Common stock",  , ,128,  , , ,"50,208",  
"
Additional paid-in capital",  , ,"48,569",  , , ,"4,448",  
"
Retained earnings (deficit)",  , ,"1,020",  , , ,"(4,590",) 
"
Warrants",  , ,—  ,  , , ,—  ,  
"
Discount on preferred stock",  , ,—  ,  , , ,(16,) 
"
Accumulated other comprehensive loss, net of taxes",  , ,(65,) , , ,(390,) 
 ,  ,"
 ","
 ", , ,"
 ","
 ", 
"
Total stockholders’ equity",  , ,"49,652",  , , ,"49,682",  
 ,  ,"
 ","
 ", , ,"
 ","
 ", 
 ,  ,$,"61,218",  , ,$,"54,877",  
 ,  ,"
 ","
 ", , ,"
 ","
 ", 
