 , , , , , , , , , , , , , , , , 
 ,  ,"December 31, 2014","December 31, 2014","December 31, 2014","December 31, 2014","December 31, 2014","December 31, 2014", ,  ,"December 31, 2013","December 31, 2013","December 31, 2013","December 31, 2013","December 31, 2013","December 31, 2013", 
 ,  ,CarryingAmount,CarryingAmount, ,  ,Fair Value,Fair Value, ,  ,CarryingAmount,CarryingAmount, ,  ,Fair Value,Fair Value, 
 ,  ,(Dollars in thousands),(Dollars in thousands),(Dollars in thousands),(Dollars in thousands),(Dollars in thousands),(Dollars in thousands), ,  ,(Dollars in thousands),(Dollars in thousands),(Dollars in thousands),(Dollars in thousands),(Dollars in thousands),(Dollars in thousands), 
"
Financial assets",  , , , ,  , , , ,  , , , ,  , , , 
"
Cash and cash equivalents",  ,$,"11,093",  ,  ,$,"11,093",  ,  ,$,"14,187",  ,  ,$,"14,187",  
"
Time deposits in other banks",  , ,"2,000",  ,  , ,"1,989",  ,  , ,—  ,  ,  , ,—  ,  
"
Investment securities",  , ,"76,654",  ,  , ,"76,921",  ,  , ,"73,886",  ,  , ,"74,021",  
"
Loans receivable, net",  , ,"473,789",  ,  , ,"464,231",  ,  , ,"423,160",  ,  , ,"416,841",  
"
Loans held for sale",  , ,—  ,  ,  , ,—  ,  ,  , ,992,  ,  , ,997,  
"
Accrued interest",  , ,"1,736",  ,  , ,"1,736",  ,  , ,"1,701",  ,  , ,"1,701",  
"
BOLI",  , ,"9,900",  ,  , ,"9,900",  ,  , ,"9,580",  ,  , ,"9,580",  
 , , , , , , , , , , , , , , , , 
"
Financial liabilities",  , , , ,  , , , ,  , , , ,  , , , 
"
Deposits",  ,$,"479,507",  ,  ,$,"477,359",  ,  ,$,"455,968",  ,  ,$,"447,956",  
"
FHLB advances",  , ,"45,000",  ,  , ,"46,068",  ,  , ,"30,000",  ,  , ,"30,742",  
"
Subordinated debt and trust preferred",  , ,"11,559",  ,  , ,"11,127",  ,  , ,"7,155",  ,  , ,"3,577",  
"
Repurchase agreements",  , ,"1,761",  ,  , ,"1,761",  ,  , ,"1,393",  ,  , ,"1,393",  
