 , , , , , , , , 
 ,  ,2014,2014, ,  ,2013,2013, 
 ,  ,(Dollars in thousands),(Dollars in thousands),(Dollars in thousands),(Dollars in thousands),(Dollars in thousands),(Dollars in thousands), 
"
Federal statutory rate",  ,$,"2,204",  ,  ,$,"1,914",  
"
Tax-exempt interest income",  , ,(44,) ,  , ,(76,) 
"
Nondeductible expenses",  , ,19,  ,  , ,23,  
"
Stock based compensation",  , ,2,  ,  , ,12,  
"
BOLI cash surrender value",  , ,(109,) ,  , ,(112,) 
"
Other",  , ,23,  ,  , ,(7,) 
 ,  ,"
 ","
 ", ,  ,"
 ","
 ", 
"
Provision for income taxes expense",  ,$,"2,095",  ,  ,$,"1,754",  
 ,  ,"
 ","
 ", ,  ,"
 ","
 ", 
