 , , , , , , , , 
 ,  ,2014,2014, ,  ,2013,2013, 
 ,  ,(Dollars in thousands),(Dollars in thousands),(Dollars in thousands),(Dollars in thousands),(Dollars in thousands),(Dollars in thousands), 
"
Current federal income tax expense",  ,$,323,  ,  ,$,95,  
"
Deferred federal income tax expense",  , ,"1,772",  ,  , ,"1,659",  
 ,  ,"
 ","
 ", ,  ,"
 ","
 ", 
"
Total",  ,$,"2,095",  ,  ,$,"1,754",  
 ,  ,"
 ","
 ", ,  ,"
 ","
 ", 
