 , , , , , , , , , , , , , , , , 
 ,  ,"December 31, 2014","December 31, 2014","December 31, 2014","December 31, 2014","December 31, 2014","December 31, 2014","December 31, 2014","December 31, 2014","December 31, 2014","December 31, 2014","December 31, 2014","December 31, 2014","December 31, 2014","December 31, 2014", 
 ,  ,AmortizedCosts,AmortizedCosts, ,  ,Gross Unrealized,Gross Unrealized,Gross Unrealized,Gross Unrealized,Gross Unrealized,Gross Unrealized, ,  ,FairValues,FairValues, 
 ,  ,AmortizedCosts,AmortizedCosts, ,  ,Gains,Gains, ,  ,Losses,Losses, ,  ,FairValues,FairValues, 
 ,  ,(Dollars in thousands),(Dollars in thousands),(Dollars in thousands),(Dollars in thousands),(Dollars in thousands),(Dollars in thousands),(Dollars in thousands),(Dollars in thousands),(Dollars in thousands),(Dollars in thousands),(Dollars in thousands),(Dollars in thousands),(Dollars in thousands),(Dollars in thousands), 
"
Held-to-maturity",  , , , ,  , , , ,  , , , ,  , , , 
"
Tax-exempt municipal bonds",  ,$,"2,371",  ,  ,$,267,  ,  ,$,—  ,  ,  ,$,"2,638",  
 ,  ,"
 ","
 ", ,  ,"
 ","
 ", ,  ,"
 ","
 ", ,  ,"
 ","
 ", 
 ,  ,$,"2,371",  ,  ,$,267,  ,  ,$,—  ,  ,  ,$,"2,638",  
 ,  ,"
 ","
 ", ,  ,"
 ","
 ", ,  ,"
 ","
 ", ,  ,"
 ","
 ", 
