 , , , , , , , , , , , , , , , , , , , , , , , , , , , , 
 , ,"Year Ended December 31, 2014","Year Ended December 31, 2014","Year Ended December 31, 2014","Year Ended December 31, 2014","Year Ended December 31, 2014","Year Ended December 31, 2014","Year Ended December 31, 2014","Year Ended December 31, 2014","Year Ended December 31, 2014","Year Ended December 31, 2014","Year Ended December 31, 2014","Year Ended December 31, 2014","Year Ended December 31, 2014","Year Ended December 31, 2014","Year Ended December 31, 2014","Year Ended December 31, 2014","Year Ended December 31, 2014","Year Ended December 31, 2014","Year Ended December 31, 2014","Year Ended December 31, 2014","Year Ended December 31, 2014","Year Ended December 31, 2014","Year Ended December 31, 2014","Year Ended December 31, 2014","Year Ended December 31, 2014","Year Ended December 31, 2014", 
 , ,Number ofContracts,Number ofContracts, , ,RateModifications,RateModifications, , ,TermModifications,TermModifications, , ,Interest OnlyModifications,Interest OnlyModifications, , ,PaymentModifications,PaymentModifications, , ,CombinationModifications,CombinationModifications, , ,Total,Total, 
 , ,(Dollars in thousands),(Dollars in thousands),(Dollars in thousands),(Dollars in thousands),(Dollars in thousands),(Dollars in thousands),(Dollars in thousands),(Dollars in thousands),(Dollars in thousands),(Dollars in thousands),(Dollars in thousands),(Dollars in thousands),(Dollars in thousands),(Dollars in thousands),(Dollars in thousands),(Dollars in thousands),(Dollars in thousands),(Dollars in thousands),(Dollars in thousands),(Dollars in thousands),(Dollars in thousands),(Dollars in thousands),(Dollars in thousands),(Dollars in thousands),(Dollars in thousands),(Dollars in thousands), 
"
Real estate", , , , , , , , , , , , , , , , , , , , , , , , , , , , 
"
Residential", , ,1,  , ,$,—  ,  , ,$,—  ,  , ,$,—  ,  , ,$,—  ,  , ,$,266,  , ,$,266,  
"
Commercial", , ,—  ,  , , ,—  ,  , , ,—  ,  , , ,—  ,  , , ,—  ,  , , ,—  ,  , , ,—  ,  
"
Residential Construction", , ,—  ,  , , ,—  ,  , , ,—  ,  , , ,—  ,  , , ,—  ,  , , ,—  ,  , , ,—  ,  
"
Other Construction, Land", , , , , , , , , , , , , , , , , , , , , , , , , , , , 
"
Development & Other Land", , ,1,  , , ,—  ,  , , ,—  ,  , , ,—  ,  , , ,—  ,  , , ,"4,142",  , , ,"4,142",  
"
Commercial", , ,—  ,  , , ,—  ,  , , ,—  ,  , , ,—  ,  , , ,—  ,  , , ,—  ,  , , ,—  ,  
"
Consumer", , ,—  ,  , , ,—  ,  , , ,—  ,  , , ,—  ,  , , ,—  ,  , , ,—  ,  , , ,—  ,  
 , ,"
 ","
 ", , ,"
 ","
 ", , ,"
 ","
 ", , ,"
 ","
 ", , ,"
 ","
 ", , ,"
 ","
 ", , ,"
 ","
 ", 
"
Total", , ,2,  , ,$,—  ,  , ,$,—  ,  , ,$,—  ,  , ,$,—  ,  , ,$,"4,408",  , ,$,"4,408",  
 , ,"
 ","
 ", , ,"
 ","
 ", , ,"
 ","
 ", , ,"
 ","
 ", , ,"
 ","
 ", , ,"
 ","
 ", , ,"
 ","
 ", 
