 , , , , , , , , , , , , , , , , 
 ,  ,"December 31, 2014","December 31, 2014","December 31, 2014","December 31, 2014","December 31, 2014","December 31, 2014","December 31, 2014","December 31, 2014","December 31, 2014","December 31, 2014","December 31, 2014","December 31, 2014","December 31, 2014","December 31, 2014", 
 ,  ,Fair Value Measurements Using,Fair Value Measurements Using,Fair Value Measurements Using,Fair Value Measurements Using,Fair Value Measurements Using,Fair Value Measurements Using,Fair Value Measurements Using,Fair Value Measurements Using,Fair Value Measurements Using,Fair Value Measurements Using, ,  ,FairValues,FairValues, 
 ,  ,Level 1,Level 1, ,  ,Level 2,Level 2, ,  ,Level 3,Level 3, ,  ,FairValues,FairValues, 
 ,  ,(Dollars in thousands),(Dollars in thousands),(Dollars in thousands),(Dollars in thousands),(Dollars in thousands),(Dollars in thousands),(Dollars in thousands),(Dollars in thousands),(Dollars in thousands),(Dollars in thousands),(Dollars in thousands),(Dollars in thousands),(Dollars in thousands),(Dollars in thousands), 
"
Impaired loans",  ,$,—  ,  ,  ,$,—  ,  ,  ,$,"8,515",  ,  ,$,"8,515",  
"
Loans held for sale",  , ,—  ,  ,  , ,—  ,  ,  , ,—  ,  ,  , ,—  ,  
"
Other real estate owned",  , ,—  ,  ,  , ,—  ,  ,  , ,"1,810",  ,  , ,"1,810",  
 ,  ,"
 ","
 ", ,  ,"
 ","
 ", ,  ,"
 ","
 ", ,  ,"
 ","
 ", 
"
Total",  ,$,—  ,  ,  ,$,—  ,  ,  ,$,"10,325",  ,  ,$,"10,325",  
 ,  ,"
 ","
 ", ,  ,"
 ","
 ", ,  ,"
 ","
 ", ,  ,"
 ","
 ", 
 , , , , , , , , , , , , , , , , 
 ,  ,"December 31, 2013","December 31, 2013","December 31, 2013","December 31, 2013","December 31, 2013","December 31, 2013","December 31, 2013","December 31, 2013","December 31, 2013","December 31, 2013","December 31, 2013","December 31, 2013","December 31, 2013","December 31, 2013", 
 ,  ,Fair Value Measurements Using,Fair Value Measurements Using,Fair Value Measurements Using,Fair Value Measurements Using,Fair Value Measurements Using,Fair Value Measurements Using,Fair Value Measurements Using,Fair Value Measurements Using,Fair Value Measurements Using,Fair Value Measurements Using, ,  ,FairValues,FairValues, 
 ,  ,Level 1,Level 1, ,  ,Level 2,Level 2, ,  ,Level 3,Level 3, ,  ,FairValues,FairValues, 
 ,  ,(Dollars in thousands),(Dollars in thousands),(Dollars in thousands),(Dollars in thousands),(Dollars in thousands),(Dollars in thousands),(Dollars in thousands),(Dollars in thousands),(Dollars in thousands),(Dollars in thousands),(Dollars in thousands),(Dollars in thousands),(Dollars in thousands),(Dollars in thousands), 
"
Impaired loans",  ,$,—  ,  ,  ,$,—  ,  ,  ,$,"5,287",  ,  ,$,"5,287",  
"
Loans held for sale",  , ,—  ,  ,  , ,992,  ,  , ,—  ,  ,  , ,992,  
"
Other real estate owned",  , ,—  ,  ,  , ,—  ,  ,  , ,"2,658",  ,  , ,"2,658",  
 ,  ,"
 ","
 ", ,  ,"
 ","
 ", ,  ,"
 ","
 ", ,  ,"
 ","
 ", 
"
Total",  ,$,—  ,  ,  ,$,992,  ,  ,$,"7,945",  ,  ,$,"8,937",  
 ,  ,"
 ","
 ", ,  ,"
 ","
 ", ,  ,"
 ","
 ", ,  ,"
 ","
 ", 
