 , , , , , , , , , , , , , , , , 
 ,  ,Year Ended,Year Ended,Year Ended,Year Ended,Year Ended,Year Ended, ,  ,Year Ended,Year Ended,Year Ended,Year Ended,Year Ended,Year Ended, 
 ,  ,"December 31, 2014","December 31, 2014","December 31, 2014","December 31, 2014","December 31, 2014","December 31, 2014", ,  ,"December 31, 2013","December 31, 2013","December 31, 2013","December 31, 2013","December 31, 2013","December 31, 2013", 
 ,  ,InterestIncomeRecognized,InterestIncomeRecognized, ,  ,AverageRecordedInvestment,AverageRecordedInvestment, ,  ,InterestIncomeRecognized,InterestIncomeRecognized, ,  ,AverageRecordedInvestment,AverageRecordedInvestment, 
 ,  ,(Dollars in thousands),(Dollars in thousands),(Dollars in thousands),(Dollars in thousands),(Dollars in thousands),(Dollars in thousands), ,  ,(Dollars in thousands),(Dollars in thousands),(Dollars in thousands),(Dollars in thousands),(Dollars in thousands),(Dollars in thousands), 
"
Real estate",  , , , ,  , , , ,  , , , ,  , , , 
"
Residential",  ,$,348,  ,  ,$,"1,826",  ,  ,$,222,  ,  ,$,"1,798",  
"
Commercial",  , ,59,  ,  , ,408,  ,  , ,82,  ,  , ,635,  
"
Residential Construction",  , ,9,  ,  , ,151,  ,  , ,13,  ,  , ,789,  
"
Other Construction, Land",  , , , ,  , , , ,  , , , ,  , , , 
"
Development & Other Land",  , ,897,  ,  , ,"4,540",  ,  , ,234,  ,  , ,"3,763",  
"
Commercial",  , ,2,  ,  , ,93,  ,  , ,8,  ,  , ,418,  
"
Consumer",  , ,10,  ,  , ,118,  ,  , ,—  ,  ,  , ,—  ,  
 ,  ,"
 ","
 ", ,  ,"
 ","
 ", ,  ,"
 ","
 ", ,  ,"
 ","
 ", 
"
Total",  ,$,"1,325",  ,  ,$,"7,136",  ,  ,$,559,  ,  ,$,"7,403",  
 ,  ,"
 ","
 ", ,  ,"
 ","
 ", ,  ,"
 ","
 ", ,  ,"
 ","
 ", 
