 , , , , , , , , , , , , , , , , 
 ,  ,"December 31, 2014","December 31, 2014","December 31, 2014","December 31, 2014","December 31, 2014","December 31, 2014","December 31, 2014","December 31, 2014","December 31, 2014","December 31, 2014","December 31, 2014","December 31, 2014","December 31, 2014","December 31, 2014", 
 ,  ,TotalNumberof Contracts,TotalNumberof Contracts, ,  ,AccrualStatus,AccrualStatus, ,  ,NonaccrualStatus,NonaccrualStatus, ,  ,TotalModifications,TotalModifications, 
 ,  ,(Dollars in thousands),(Dollars in thousands),(Dollars in thousands),(Dollars in thousands),(Dollars in thousands),(Dollars in thousands),(Dollars in thousands),(Dollars in thousands),(Dollars in thousands),(Dollars in thousands),(Dollars in thousands),(Dollars in thousands),(Dollars in thousands),(Dollars in thousands), 
"
Real estate",  , , , ,  , , , ,  , , , ,  , , , 
"
Residential",  , ,1,  ,  ,$,266,  ,  ,$,—  ,  ,  ,$,266,  
"
Commercial",  , ,—  ,  ,  , ,—  ,  ,  , ,—  ,  ,  , ,—  ,  
"
Residential Construction",  , ,—  ,  ,  , ,—  ,  ,  , ,—  ,  ,  , ,—  ,  
"
Other Construction, Land",  , , , ,  , , , ,  , , , ,  , , , 
"
Development & Other Land",  , ,4,  ,  , ,"4,819",  ,  , ,"1,052",  ,  , ,"5,871",  
"
Commercial",  , ,—  ,  ,  , ,—  ,  ,  , ,—  ,  ,  , ,—  ,  
"
Consumer",  , ,—  ,  ,  , ,—  ,  ,  , ,—  ,  ,  , ,—  ,  
 ,  ,"
 ","
 ", ,  ,"
 ","
 ", ,  ,"
 ","
 ", ,  ,"
 ","
 ", 
"
Total",  , ,5,  ,  ,$,"5,085",  ,  ,$,"1,052",  ,  ,$,"6,137",  
 ,  ,"
 ","
 ", ,  ,"
 ","
 ", ,  ,"
 ","
 ", ,  ,"
 ","
 ", 
