 , , , , , , , , , , , , , , , , , , , , 
 ,  ,"December 31, 2013","December 31, 2013","December 31, 2013","December 31, 2013","December 31, 2013","December 31, 2013","December 31, 2013","December 31, 2013","December 31, 2013","December 31, 2013","December 31, 2013","December 31, 2013","December 31, 2013","December 31, 2013","December 31, 2013","December 31, 2013","December 31, 2013","December 31, 2013", 
 ,  ,30-89 DayPast Due,30-89 DayPast Due, ,  ,90+ DaysPast Dueand Accruing,90+ DaysPast Dueand Accruing, ,  ,Nonaccrual,Nonaccrual, ,  ,Current,Current, ,  ,Total,Total, 
 ,  ,(Dollars in thousands),(Dollars in thousands),(Dollars in thousands),(Dollars in thousands),(Dollars in thousands),(Dollars in thousands),(Dollars in thousands),(Dollars in thousands),(Dollars in thousands),(Dollars in thousands),(Dollars in thousands),(Dollars in thousands),(Dollars in thousands),(Dollars in thousands),(Dollars in thousands),(Dollars in thousands),(Dollars in thousands),(Dollars in thousands), 
"
Real estate",  , , , ,  , , , ,  , , , ,  , , , ,  , , , 
"
Residential",  ,$,748,  ,  ,$,—  ,  ,  ,$,"1,720",  ,  ,$,"140,234",  ,  ,$,"142,702",  
"
Commercial",  , ,—  ,  ,  , ,—  ,  ,  , ,560,  ,  , ,"164,656",  ,  , ,"165,216",  
"
Residential Construction",  , ,—  ,  ,  , ,—  ,  ,  , ,414,  ,  , ,"22,189",  ,  , ,"22,603",  
"
Other Construction, Land",  , , , ,  , , , ,  , , , ,  , , , ,  , , , 
"
Development & Other Land",  , ,—  ,  ,  , ,—  ,  ,  , ,"1,402",  ,  , ,"41,855",  ,  , ,"43,257",  
"
Commercial",  , ,182,  ,  , ,—  ,  ,  , ,371,  ,  , ,"55,394",  ,  , ,"55,947",  
"
Consumer",  , ,57,  ,  , ,—  ,  ,  , ,—  ,  ,  , ,"1,558",  ,  , ,"1,615",  
 ,  ,"
 ","
 ", ,  ,"
 ","
 ", ,  ,"
 ","
 ", ,  ,"
 ","
 ", ,  ,"
 ","
 ", 
"
Total",  ,$,987,  ,  ,$,—  ,  ,  ,$,"4,467",  ,  ,$,"425,886",  ,  ,$,"431,340",  
 ,  ,"
 ","
 ", ,  ,"
 ","
 ", ,  ,"
 ","
 ", ,  ,"
 ","
 ", ,  ,"
 ","
 ", 
