 , , , , , , , , 
 ,  ,2014,2014, ,  ,2013,2013, 
 ,  ,(Dollars in thousands),(Dollars in thousands),(Dollars in thousands),(Dollars in thousands),(Dollars in thousands),(Dollars in thousands), 
"
Deferred tax assets:",  , , , ,  , , , 
"
Allowance for Loan Losses",  ,$,"2,677",  ,  ,$,"2,776",  
"
Stock based compensation",  , ,66,  ,  , ,347,  
"
OREO impairment",  , ,4,  ,  , ,29,  
"
Nonaccrual loans",  , ,80,  ,  , ,202,  
"
Net operating loss carryforward",  , ,"1,900",  ,  , ,"3,134",  
"
AMT tax credit carryover",  , ,—  ,  ,  , ,168,  
"
Supplemental Executive Retirement Plan",  , ,118,  ,  , ,76,  
"
Unrealized holding gain on available-for-sale securities",  , ,24,  ,  , ,201,  
"
Other",  , ,91,  ,  , ,31,  
 ,  ,"
 ","
 ", ,  ,"
 ","
 ", 
"
Total deferred tax assets",  , ,"4,960",  ,  , ,"6,964",  
 ,  ,"
 ","
 ", ,  ,"
 ","
 ", 
"
Deferred tax liabilities:",  , , , ,  , , , 
"
Depreciation",  , ,346,  ,  , ,312,  
"
Deferred loan costs",  , ,402,  ,  , ,396,  
"
Prepaids",  , ,53,  ,  , ,71,  
"
Other",  , ,44,  ,  , ,121,  
 ,  ,"
 ","
 ", ,  ,"
 ","
 ", 
"
Total deferred tax liabilities",  , ,845,  ,  , ,900,  
 ,  ,"
 ","
 ", ,  ,"
 ","
 ", 
"
Net deferred tax asset",  ,$,"4,115",  ,  ,$,"6,064",  
 ,  ,"
 ","
 ", ,  ,"
 ","
 ", 
