,,,,,,,,,,,
,,,,,,,,,,,
 ,Q1 2018,Q1 2018,Q1 2018, ,Q1 2017,Q1 2017,Q1 2017, ,V %,V %, 
GAAP Revenue,$,"1,203",, ,$,"1,086",, ,11,%, 
Purchase accounting adjustment to acquired deferred revenue,2,2,,,22,22,,, , , 
Adjusted Revenue,$,"1,205",, ,$,"1,108",, ,9,%, 
 , , , , , , , , , , , 
Components of Adjusted Revenue Growth, , , , , , , , , , , 
Organic, , , , , , , , ,6,%, 
Acquisitions/Divestitures, , , , , , , , ,1,%, 
Foreign Exchange, , , , , , , , ,2,%, 
Total Adjusted Revenue Growth, , , , , , , , ,9,%, 
