 , , , , , , , , 
 ,  ,"For the Years EndedDecember 31,(in thousands, except pershare amounts)","For the Years EndedDecember 31,(in thousands, except pershare amounts)","For the Years EndedDecember 31,(in thousands, except pershare amounts)","For the Years EndedDecember 31,(in thousands, except pershare amounts)","For the Years EndedDecember 31,(in thousands, except pershare amounts)","For the Years EndedDecember 31,(in thousands, except pershare amounts)", 
 ,  ,2014,2014, ,  ,2013,2013, 
"
Net income available to common stockholders",  ,$,"4,364",  ,  ,$,"3,529",  
"
Weighted average number of shares outstanding",  , ,"12,530",  ,  , ,"12,032",  
 ,  ,"
 ","
 ", ,  ,"
 ","
 ", 
"
Net income per common share – basic",  ,$,0.35,  ,  ,$,0.29,  
 ,  ,"
 ","
 ", ,  ,"
 ","
 ", 
"
Effect of dilutive securities:",  , , , ,  , , , 
 , , , , , , , , 
"
Weighted average number of common shares outstanding",  , ,"12,530",  ,  , ,"12,032",  
"
Effect of stock options, warrants and restricted stock",  , ,"2,194",  ,  , ,"1,896",  
 ,  ,"
 ","
 ", ,  ,"
 ","
 ", 
"
Diluted average common shares outstanding",  , ,"14,724",  ,  , ,"13,928",  
 ,  ,"
 ","
 ", ,  ,"
 ","
 ", 
"
Net income per common share – assuming dilution",  ,$,0.30,  ,  ,$,0.25,  
 ,  ,"
 ","
 ", ,  ,"
 ","
 ", 
