,,,,,,,,,,,,,,,,
,,,,,,,,,,,,,,,,
 ,Q2 2018,Q2 2018,Q2 2018,Q2 2018,Q2 2018,Q2 2018,Q2 2018, ,Full Year 2018,Full Year 2018,Full Year 2018,Full Year 2018,Full Year 2018,Full Year 2018,Full Year 2018, 
 ,Low End,Low End,Low End, ,High End,High End,High End, ,Low End,Low End,Low End, ,High End,High End,High End, 
GAAP DEPS,$,2.08,, ,$,2.14,, ,$,8.83,, ,$,9.07,, 
Purchase accounting adjustments to acquired deferred revenueC,0.01,0.01,, ,0.01,0.01,, ,0.03,0.03,, ,0.03,0.03,, 
Amortization of acquisition-related intangible assetsB  ,0.56,0.56,, ,0.56,0.56,, ,2.22,2.22,, ,2.22,2.22,, 
Adjustments to 2017 provisional income tax amounts resulting from the Tax Cuts and Jobs Act,TBD,TBD,, ,TBD,TBD,, ,TBD,TBD,, ,TBD,TBD,, 
Adjusted DEPS,$,2.65,, ,$,2.71,, ,$,11.08,, ,$,11.32,, 
