 , , , , , , , , , , , , , , , , 
 ,  ,"December 31, 2013","December 31, 2013","December 31, 2013","December 31, 2013","December 31, 2013","December 31, 2013","December 31, 2013","December 31, 2013","December 31, 2013","December 31, 2013","December 31, 2013","December 31, 2013","December 31, 2013","December 31, 2013", 
 ,  ,TotalNumberof Contracts,TotalNumberof Contracts, ,  ,AccrualStatus,AccrualStatus, ,  ,NonaccrualStatus,NonaccrualStatus, ,  ,TotalModifications,TotalModifications, 
 ,  ,(Dollars in thousands),(Dollars in thousands),(Dollars in thousands),(Dollars in thousands),(Dollars in thousands),(Dollars in thousands),(Dollars in thousands),(Dollars in thousands),(Dollars in thousands),(Dollars in thousands),(Dollars in thousands),(Dollars in thousands),(Dollars in thousands),(Dollars in thousands), 
"
Real estate",  , , , ,  , , , ,  , , , ,  , , , 
"
Residential",  , ,1,  ,  ,$,—  ,  ,  ,$,113,  ,  ,$,113,  
"
Commercial",  , ,—  ,  ,  , ,—  ,  ,  , ,—  ,  ,  , ,—  ,  
"
Residential Construction",  , ,—  ,  ,  , ,—  ,  ,  , ,—  ,  ,  , ,—  ,  
"
Other Construction, Land",  , , , ,  , , , ,  , , , ,  , , , 
"
Development & Other Land",  , ,3,  ,  , ,820,  ,  , ,"1,093",  ,  , ,"1,913",  
"
Commercial",  , ,—  ,  ,  , ,—  ,  ,  , ,—  ,  ,  , ,—  ,  
"
Consumer",  , ,—  ,  ,  , ,—  ,  ,  , ,—  ,  ,  , ,—  ,  
 ,  ,"
 ","
 ", ,  ,"
 ","
 ", ,  ,"
 ","
 ", ,  ,"
 ","
 ", 
"
Total",  , ,4,  ,  ,$,820,  ,  ,$,"1,206",  ,  ,$,"2,026",  
 ,  ,"
 ","
 ", ,  ,"
 ","
 ", ,  ,"
 ","
 ", ,  ,"
 ","
 ", 
