,,,,,,,,
,,,,,,,,
"Roper Technologies, Inc. and Subsidiaries","Roper Technologies, Inc. and Subsidiaries","Roper Technologies, Inc. and Subsidiaries","Roper Technologies, Inc. and Subsidiaries","Roper Technologies, Inc. and Subsidiaries","Roper Technologies, Inc. and Subsidiaries", , , 
Condensed Consolidated Statements of Cash Flows (unaudited), , , , , , , , 
(Amounts in millions), , , , , , , , 
 , , , , , , , , 
 , ,"Three months ended March 31,","Three months ended March 31,","Three months ended March 31,","Three months ended March 31,","Three months ended March 31,","Three months ended March 31,","Three months ended March 31,"
 , ,2018,2018,2018, ,2017,2017,2017
Cash flows from operating activities:, , , , , , , , 
Net earnings, ,$,211.3,, ,$,158.1,
Adjustments to reconcile net earnings to cash flows from operating activities:, , , , , , , , 
"Depreciation and amortization of property, plant and equipment", ,12.6,12.6,, ,12.4,12.4,
Amortization of intangible assets, ,75.3,75.3,, ,73.0,73.0,
Amortization of deferred financing costs, ,1.6,1.6,, ,1.8,1.8,
Non-cash stock compensation, ,26.0,26.0,, ,21.0,21.0,
"Changes in operating assets and liabilities, net of acquired businesses:", , , , , , , , 
Accounts receivable, ,17.3,17.3,, ,73.1,73.1,
Unbilled receivables, ,(10.5,(10.5,), ,(13.5,(13.5,)
Inventories, ,(9.0,(9.0,), ,(7.9,(7.9,)
Accounts payable and accrued liabilities, ,(45.9,(45.9,), ,(2.2,(2.2,)
Deferred revenue, ,26.3,26.3,, ,34.3,34.3,
Income taxes, ,(13.8,(13.8,), ,39.0,39.0,
"Other, net", ,(9.5,(9.5,), ,(10.9,(10.9,)
Cash provided by operating activities, ,281.7,281.7,, ,378.2,378.2,
 , , , , , , , , 
Cash flows from investing activities:, , , , , , , , 
Acquisitions of businesses, ,(38.9,(38.9,), ,(2.8,(2.8,)
Capital expenditures, ,(9.7,(9.7,), ,(14.9,(14.9,)
Capitalized software expenditures, ,(1.9,(1.9,), ,(3.2,(3.2,)
"Other, net", ,(1.0,(1.0,), ,(0.4,(0.4,)
Cash used in investing activities, ,(51.5,(51.5,), ,(21.3,(21.3,)
 , , , , , , , , 
Cash flows from financing activities:, , , , , , , , 
"Payments under revolving line of credit, net", ,(535.0,(535.0,), ,(370.0,(370.0,)
Cash dividends to stockholders, ,(42.1,(42.1,), ,(35.4,(35.4,)
"Proceeds from stock-based compensation, net", ,23.8,23.8,, ,7.6,7.6,
Treasury stock sales, ,1.6,1.6,, ,1.0,1.0,
Other, ,0.1,0.1,, ,(0.3,(0.3,)
Cash used in financing activities, ,(551.6,(551.6,), ,(397.1,(397.1,)
 , , , , , , , , 
Effect of foreign currency exchange rate changes on cash, ,16.3,16.3,, ,13.7,13.7,
 , , , , , , , , 
Net decrease in cash and cash equivalents, ,(305.1,(305.1,), ,(26.5,(26.5,)
 , , , , , , , , 
"Cash and cash equivalents, beginning of period", ,671.3,671.3,, ,757.2,757.2,
 , , , , , , , , 
"Cash and cash equivalents, end of period", ,$,366.2,, ,$,730.7,
 , , , , , , , , 
