 , , , , , , , , 
 ,  ,"December 31,","December 31,","December 31,","December 31,","December 31,","December 31,", 
 ,  ,2014,2014, ,  ,2013,2013, 
 ,  ,(Dollars in thousands),(Dollars in thousands),(Dollars in thousands),(Dollars in thousands),(Dollars in thousands),(Dollars in thousands), 
"
Land",  ,$,"4,378",  ,  ,$,"4,378",  
"
Building",  , ,"5,061",  ,  , ,"5,061",  
"
Furniture and equipment",  , ,"4,900",  ,  , ,"3,601",  
"
Leasehold improvements",  , ,"2,025",  ,  , ,"1,760",  
 ,  ,"
 ","
 ", ,  ,"
 ","
 ", 
"
Total premises and equipment",  , ,"16,364",  ,  , ,"14,800",  
"
Less accumulated depreciation",  , ,"4,903",  ,  , ,"4,349",  
 ,  ,"
 ","
 ", ,  ,"
 ","
 ", 
"
Premises and equipment, net",  ,$,"11,461",  ,  ,$,"10,451",  
 ,  ,"
 ","
 ", ,  ,"
 ","
 ", 
