 , , , , , , , , 
 ,  ,"December 31,2014","December 31,2014", ,  ,"December 31,2013","December 31,2013", 
 ,  ,(Dollars in thousands),(Dollars in thousands),(Dollars in thousands),(Dollars in thousands),(Dollars in thousands),(Dollars in thousands), 
"
Real estate",  , , , ,  , , , 
"
Residential",  ,$,"145,241",  ,  ,$,"142,702",  
"
Commercial",  , ,"182,718",  ,  , ,"165,216",  
"
Residential Construction",  , ,"32,184",  ,  , ,"22,603",  
"
Other Construction, Land",  , , , ,  , , , 
"
Development & Other Land",  , ,"52,937",  ,  , ,"43,257",  
"
Commercial",  , ,"66,868",  ,  , ,"55,947",  
"
Consumer",  , ,"1,886",  ,  , ,"1,615",  
 ,  ,"
 ","
 ", ,  ,"
 ","
 ", 
"
Total loans",  , ,"481,834",  ,  , ,"431,340",  
"
Less:",  , , , ,  , , , 
"
Allowance for loan losses",  , ,"7,874",  ,  , ,"8,165",  
"
Net deferred fees",  , ,171,  ,  , ,15,  
 ,  ,"
 ","
 ", ,  ,"
 ","
 ", 
"
Loans, net",  ,$,"473,789",  ,  ,$,"423,160",  
 ,  ,"
 ","
 ", ,  ,"
 ","
 ", 
