 , , , , , , , , 
 ,  ,"For The Years Ended December 31,","For The Years Ended December 31,","For The Years Ended December 31,","For The Years Ended December 31,","For The Years Ended December 31,","For The Years Ended December 31,", 
 ,  ,    2014    ,    2014    , , ,    2013    ,    2013    , 
 ,  ,(Dollars in thousands),(Dollars in thousands),(Dollars in thousands),(Dollars in thousands),(Dollars in thousands),(Dollars in thousands), 
"
Net income",  ,$,"4,388",  , ,$,"3,874",  
"
Other comprehensive income (loss):",  , , , , , , , 
"
Investment securities:",  , , , , , , , 
"
Unrealized gains (losses) on investment securities available for sale",  , ,927,  , , ,"(2,439",) 
"
Tax effect",  , ,(322,) , , ,829,  
"
Reclassification of gains recognized in net income",  , ,(425,) , , ,(329,) 
"
Tax effect",  , ,145,  , , ,112,  
 ,  ,"
 ","
 ", , ,"
 ","
 ", 
"
Total other comprehensive income (loss)",  , ,325,  , , ,"(1,827",) 
 ,  ,"
 ","
 ", , ,"
 ","
 ", 
"
Comprehensive income",  ,$,"4,713",  , ,$,"2,047",  
 ,  ,"
 ","
 ", , ,"
 ","
 ", 
