 , , , , , , , , , , , , , , , , 
 ,  ,"December 31, 2014","December 31, 2014","December 31, 2014","December 31, 2014","December 31, 2014","December 31, 2014","December 31, 2014","December 31, 2014","December 31, 2014","December 31, 2014","December 31, 2014","December 31, 2014","December 31, 2014","December 31, 2014", 
 ,  ,AmortizedCosts,AmortizedCosts, ,  ,Gross Unrealized,Gross Unrealized,Gross Unrealized,Gross Unrealized,Gross Unrealized,Gross Unrealized, ,  ,FairValues,FairValues, 
 ,  ,AmortizedCosts,AmortizedCosts, ,  ,Gains,Gains, ,  ,Losses,Losses, ,  ,FairValues,FairValues, 
 ,  ,(Dollars in thousands),(Dollars in thousands),(Dollars in thousands),(Dollars in thousands),(Dollars in thousands),(Dollars in thousands),(Dollars in thousands),(Dollars in thousands),(Dollars in thousands),(Dollars in thousands),(Dollars in thousands),(Dollars in thousands),(Dollars in thousands),(Dollars in thousands), 
"
Available-for-sale",  , , , ,  , , , ,  , , , ,  , , , 
"
Mortgage-backed securities",  ,$,"29,447",  ,  ,$,190,  ,  ,$,73,  ,  ,$,"29,564",  
"
Corporate bonds",  , ,"3,502",  ,  , ,8,  ,  , ,12,  ,  , ,"3,498",  
"
Collateralized mortgage obligation (CMO) securities",  , ,"19,686",  ,  , ,196,  ,  , ,91,  ,  , ,"19,791",  
"
State and political subdivisions – taxable",  , ,"18,046",  ,  , ,37,  ,  , ,329,  ,  , ,"17,754",  
"
State and political subdivisions – tax exempt",  , ,—  ,  ,  , ,—  ,  ,  , ,—  ,  ,  , ,—  ,  
"
SBA pools",  , ,"3,690",  ,  , ,3,  ,  , ,17,  ,  , ,"3,676",  
 ,  ,"
 ","
 ", ,  ,"
 ","
 ", ,  ,"
 ","
 ", ,  ,"
 ","
 ", 
 ,  ,$,"74,371",  ,  ,$,434,  ,  ,$,522,  ,  ,$,"74,283",  
 ,  ,"
 ","
 ", ,  ,"
 ","
 ", ,  ,"
 ","
 ", ,  ,"
 ","
 ", 
