 , , , , , , , , 
 ,  ,Shares,Shares, ,  ,WeightedAverageGrant DateFair Value,WeightedAverageGrant DateFair Value, 
"
Unvested at December 31, 2012",  , ,"22,673",  ,  ,$,1.90,  
"
Granted",  , ,—  ,  ,  , ,—  ,  
"
Vested",  , ,"22,673",  ,  , ,1.90,  
"
Forfeitures",  , ,—  ,  ,  , ,—  ,  
 ,  ,"
 ","
 ", ,  ,"
 ","
 ", 
"
Unvested at December 31, 2013",  , ,—  ,  ,  ,$,—  ,  
 ,  ,"
 ","
 ", ,  ,"
 ","
 ", 
