 , , , , , , , , 
 ,  ,2014,2014, ,  ,2013,2013, 
 ,  ,(Dollars in thousands),(Dollars in thousands),(Dollars in thousands),(Dollars in thousands),(Dollars in thousands),(Dollars in thousands), 
"
Building",  ,$,764,  ,  ,$,634,  
"
Furniture and equipment",  , ,"2,961",  ,  , ,"2,668",  
"
Leasehold improvements",  , ,"1,178",  ,  , ,"1,047",  
 ,  ,"
 ","
 ", ,  ,"
 ","
 ", 
 ,  ,$,"4,903",  ,  ,$,"4,349",  
 ,  ,"
 ","
 ", ,  ,"
 ","
 ", 
